headline,description,last_updated,tag,category,link
"Kronologi Sopir Truk Hantam Motor dan Mobil di Tangerang, Kabur Hindari Kejaran Warga ",,1 November 2024,Megapolitan,News,https://news.kompas.com?source=navbar
"Momen Pertemuan Prabowo dan Jokowi di Solo, Ditemani Bakmi Jawa hingga Tempe Mendoan",,3 November 2024,Nasional,News,https://news.kompas.com?source=navbar
"Saat Lukman Pancing Gus Hans ""Serang"" Petahana di Debat Pilkada Jatim",,3 November 2024,Surabaya,News,https://news.kompas.com?source=navbar
"Jembatan Ambruk di Kepulauan Aru, 44 Orang Terluka Saat Sambut DPRD",,3 November 2024,Regional,News,https://news.kompas.com?source=navbar
"PKL Bermunculan, Tepi Jalur Puncak Bogor Dipasang Pagar Besi",,3 November 2024,Bandung,News,https://news.kompas.com?source=navbar
"Debat Pilkada Jatim, Luluk Nur Hamidah Soroti Korupsi di Pemprov",,3 November 2024,Surabaya,News,https://news.kompas.com?source=navbar
Bahlil: Subsidi BBM dan Listrik Berpotensi Salah Sasaran hingga Rp 100 Triliun,,3 November 2024,VIDEO,News,https://news.kompas.com?source=navbar
Siapa Tega Bunuh Wanita dengan Cara Tebas Kepala?,,31 Oktober 2024,NEWS,News,https://news.kompas.com?source=navbar
[HOAKS] Video Mamah Dedeh Janjikan Bantuan Rp 35 Juta ,,,CEK FAKTA,News,https://news.kompas.com?source=navbar
"[HOAKS] Bantuan Dana Rp 2,5 Juta untuk Pemegang KIS",,,CEK FAKTA,News,https://news.kompas.com?source=navbar
Beragam Hoaks Tokoh Publik Bagikan Uang di Media Sosial...,,,CEK FAKTA,News,https://news.kompas.com?source=navbar
[KLARIFIKASI] Tidak Ada Korban Tewas dalam Tabrak Lari Truk di Tangerang,,,CEK FAKTA,News,https://news.kompas.com?source=navbar
"INFOGRAFIK: Foto Manipulasi Pesawat Tersangkut di Jembatan, Simak Faktanya",,,CEK FAKTA,News,https://news.kompas.com?source=navbar
"INFOGRAFIK: Hoaks Kloning Sapi dan Babi di China, Simak Bantahannya",,,CEK FAKTA,News,https://news.kompas.com?source=navbar
[KLARIFIKASI] Tidak Benar Kiper Bahrain Tanggapi Teriakan Suporter Indonesia,,,CEK FAKTA,News,https://news.kompas.com?source=navbar
[KLARIFIKASI] Pose Tiga Jari Anies Baswedan Disebar dengan Konteks Keliru,,,CEK FAKTA,News,https://news.kompas.com?source=navbar
[HOAKS] WHO Akui Mpox adalah Efek Samping Covid-19,,,CEK FAKTA,News,https://news.kompas.com?source=navbar
[HOAKS] Raffi Ahmad Bagikan Rp 200 Juta Melalui Akun Instagram,,,CEK FAKTA,News,https://news.kompas.com?source=navbar
"INFOGRAFIK: Video Perlihatkan Letusan Gunung, Bukan Kamp Pengungsian Rafah",,,CEK FAKTA,News,https://news.kompas.com?source=navbar
[HOAKS] Imbauan Mematikan Ponsel untuk Hindari Radiasi Kosmik,,,CEK FAKTA,News,https://news.kompas.com?source=navbar
[HOAKS] Surat Pemberitahuan Perubahan Biaya Transfer Bank Jatim,,,CEK FAKTA,News,https://news.kompas.com?source=navbar
CEK FAKTA: Pernyataan Ahmad Luthfi soal Desa Temparak di Jawa Tengah,,,CEK FAKTA,News,https://news.kompas.com?source=navbar
"[KLARIFIKASI] Video Banjir di Zaragoza Keliru Dikira Terjadi di Valencia, Spanyol",,,CEK FAKTA,News,https://news.kompas.com?source=navbar
"Pilpres AS 2024: 7 Negara Bagian Jadi Penentu Hasil, Mana Saja?","
Persaingan antara Kamala Harris dan Donald Trump menjelang Pilpres AS 2024 pada 5 November semakin ketat. Ini tujuh negara penentu hasil Pilpres.
",3 November 2024,GLOBAL,News,https://news.kompas.com?source=navbar
Supian Suri Bakal Bangun Balai Latihan Kerja untuk Atasi Pengangguran di Depok,,3 November 2024,Megapolitan,News,https://news.kompas.com?source=navbar
Kronologi Kasus Korupsi Proyek KA yang Seret Eks Dirjen Kemenhub Jadi Tersangka,,3 November 2024,Nasional,News,https://news.kompas.com?source=navbar
"Pegawai Komdigi ""Bekingi"" Judi Online: Satu Per Satu Jadi Tersangka, Budi Arie Apresiasi",,3 November 2024,VIDEO,News,https://news.kompas.com?source=navbar
"Prabowo Bakal Kumpulkan Kepala Daerah hingga Dandim-Kapolres, Beri Arahan untuk Jaga Lingkungan",,3 November 2024,Nasional,News,https://news.kompas.com?source=navbar
"Debat Pilkada Palangka Raya, 2 Paslon Adu Strategi Ketahanan Pangan Lokal",,3 November 2024,Regional,News,https://news.kompas.com?source=navbar
Imam-Ririn Janji Lebarkan Jalan dan Tambah Transportasi untuk Atasi Kemacetan di Depok,,3 November 2024,Megapolitan,News,https://news.kompas.com?source=navbar
"Debat Pilkada Jatim, Tri Rismaharini Janji Bebaskan PNBP Nelayan",,3 November 2024,Surabaya,News,https://news.kompas.com?source=navbar
"Khofifah Buka Debat dengan Pamer Penghargaan, Luluk Bahas Jamban",,3 November 2024,Surabaya,News,https://news.kompas.com?source=navbar
Anggota DPRD Singkawang Tersangka Pencabulan Ditangkap Polda Kalbar,,3 November 2024,Regional,News,https://news.kompas.com?source=navbar
"Kunjungi Desa di Cikampek, Mendes Minta Swasta Terlibat Bangun Desa",,3 November 2024,Nasional,News,https://news.kompas.com?source=navbar
"Ribuan Peternak Sapi di Boyolali Resah, UD Pramono Nyaris Tutup karena Utang Pajak Rp 670 Juta",,3 November 2024,Regional,News,https://news.kompas.com?source=navbar
Prabowo dan Jokowi Makan Nasi Goreng di Solo: Gak Ada Obrolan Politik,,3 November 2024,Regional,News,https://news.kompas.com?source=navbar
Kejagung Tangkap Eks Dirjen Perkeretaapian Kemenhub terkait Korupsi Proyek Jalur Kereta,,3 November 2024,Nasional,News,https://news.kompas.com?source=navbar
"Kabar Duka, Penyanyi Dina Mariana Meninggal Dunia",,3 November 2024,VIDEO,News,https://news.kompas.com?source=navbar
Jenazah Dina Mariana Dimakamkan Besok di TPU Tanah Kusir ,,3 November 2024,Seleb,News,https://news.kompas.com?source=navbar
Suasana Rumah Duka Dina Mariana ,,,Seleb,News,https://news.kompas.com?source=navbar
"Sebelum Meninggal, Dina Mariana Sempat Dirawat karena Masalah di Lambung",,,Seleb,News,https://news.kompas.com?source=navbar
"Kata-kata ""Magic"" Ridwan Kamil Bikin Hati Raffi Ahmad Tergerak Adopsi Lily",,,Seleb,News,https://news.kompas.com?source=navbar
"Profil Dina Mariana, Penyanyi Lawas yang Meninggal Dunia di Usia 59 Tahun",,,Entertainment,News,https://news.kompas.com?source=navbar
"Bercerai, Ari Lasso Masih Komunikasi Hampir Setiap Hari dengan Vita Dessy ",,,Seleb,News,https://news.kompas.com?source=navbar
Penyanyi Dina Mariana Meninggal Dunia ,,,Seleb,News,https://news.kompas.com?source=navbar
Raffi Ahmad Sempat Ragu Adopsi Lily Jadi Anak Ketiganya,,,Seleb,News,https://news.kompas.com?source=navbar
"Sinopsis Film Raging Fire, Donnie Yen Adu Akting Laga dengan Nicholas Tse",,,Seleb,News,https://news.kompas.com?source=navbar
Aksi Panggung Chris Martin ,,,,News,https://news.kompas.com?source=navbar
Meriah! Konser Coldplay di Jakarta ,,,,News,https://news.kompas.com?source=navbar
Alvin Jonathan Juarai X Factor Indonesia 2022,,,,News,https://news.kompas.com?source=navbar
Hakim Tolak Eksepsi Adam Deni,,,,News,https://news.kompas.com?source=navbar
Roby Geisha Tiga Kali Terjerat Kasus Narkoba,,,,News,https://news.kompas.com?source=navbar
Ardhito Pramono Berbaju Tahanan Usai Terjerat Kasus Narkoba,,,,News,https://news.kompas.com?source=navbar
Aksi The Brandals Hentak Panggung Nge-Gigs,,,,News,https://news.kompas.com?source=navbar
Mengintip Persiapan Pebalet Namarina Youth Dance Jelang Pentas,,,,News,https://news.kompas.com?source=navbar
"Merespons Pandemi, Namarina Youth Dance Gelar Pertunjukan Balet Virtual ",,,,News,https://news.kompas.com?source=navbar
Angga Dwimas Sasongko dalam Bidikan Lensa,,,,News,https://news.kompas.com?source=navbar
"Persidangan Terdakwa Anak, Terlalu Sederhanakah?",,24 Oktober 2024,Analisis,News,https://news.kompas.com?source=navbar
Mekanisme Hukum Lelang Wilayah Izin Usaha Pertambangan,,,Konsultasi,News,https://news.kompas.com?source=navbar
"Barang Gadai Hilang, Bagaimana Hukumnya?",,,Konsultasi,News,https://news.kompas.com?source=navbar
Over Kredit Kendaraan Tanpa Persetujuan Perusahaan Pembiayaan,,,Konsultasi,News,https://news.kompas.com?source=navbar
Aturan Hukum Penangguhan Penahanan,,,Konsultasi,News,https://news.kompas.com?source=navbar
Timses Nina Agustina Duga Keributan di Sukra Indramayu Hasil Rekayasa,,3 November 2024,Bandung,Pemilu,https://pemilu.kompas.com?source=navbar
KPU Ponorogo Rilis Laporan Penerimaan Sumbangan Dana Kampanye Paslon Bupati dan Wakil Bupati Pilkada 2024,,3 November 2024,Surabaya,Pemilu,https://pemilu.kompas.com?source=navbar
Berapa Gaji KPPS Pilkada 2024?            ,,3 November 2024,Ekbis,Pemilu,https://pemilu.kompas.com?source=navbar
"Tiga Warga Cianjur Tertimpa Baliho Paslon Lain, Dedi Mulyadi Turun Tangan            ",,3 November 2024,Bandung,Pemilu,https://pemilu.kompas.com?source=navbar
"Ketemuan di Solo, Ridwan Kamil: Pak Jokowi Dukung, Beri Izin ProJo Deklarasi            ",,2 November 2024,Nasional,Pemilu,https://pemilu.kompas.com?source=navbar
"Debat Pilkada Kulon Progo, Infrastruktur Rusak Jadi Sorotan Paslon            ",,2 November 2024,Yogyakarta,Pemilu,https://pemilu.kompas.com?source=navbar
"Debat Pilkada Tasikmalaya, Warga Nobar di Pinggir Jalan Samping Lokasi Acara            ",,2 November 2024,Bandung,Pemilu,https://pemilu.kompas.com?source=navbar
"Jelang Debat Kedua Pilkada Jatim 2024, Ini Persiapan Ketiga Paslon            ",,2 November 2024,Surabaya,Pemilu,https://pemilu.kompas.com?source=navbar
"Truk Tabrak Lari di Tangerang, Diduga Sudah Ugal-ugalan dari Bekasi",,1 November 2024,,Pemilu,https://pemilu.kompas.com?source=navbar
"Kaesang Tak Diajak ke Pertemuan Ketum Partai dengan Prabowo, Kenapa?",,1 November 2024,,Pemilu,https://pemilu.kompas.com?source=navbar
Kakorlantas Sebut BPKB Elektronik Jadi Pilihan Pemilik Kendaraan,,1 November 2024,,Pemilu,https://pemilu.kompas.com?source=navbar
"Debat Pilkada Solo, Berikut Profil Teguh-Bambang dan Respati-Astrid",,31 Oktober 2024,Regional,Pemilu,https://pemilu.kompas.com?source=navbar
DPR RI Desak Polda Sulsel Tindak Tegas 2 Oknum Perwira Terlibat Politik,,31 Oktober 2024,Makassar,Pemilu,https://pemilu.kompas.com?source=navbar
"Fraksi PDI-P Ungkap Dugaan Cawe-cawe Pj Wali Kota di Pilkada, Minta Mendagri Tindak Tegas",,31 Oktober 2024,Nasional,Pemilu,https://pemilu.kompas.com?source=navbar
"Foto Bareng Cabup, Oknum Guru di Sumbawa Terbukti Langgar Netralitas ASN",,31 Oktober 2024,Regional,Pemilu,https://pemilu.kompas.com?source=navbar
"Pilkada Sumut, Tim Pemenangan Bobby-Surya Nilai Pasangan Ini Unggul di Debat Pertama",,31 Oktober 2024,Regional,Pemilu,https://pemilu.kompas.com?source=navbar
"Debat Perdana Pilkada Kota Bekasi Digelar Besok, Ini Temanya",,31 Oktober 2024,Megapolitan,Pemilu,https://pemilu.kompas.com?source=navbar
Bobby-Surya Janji Beri Insentif ke Daerah yang Bisa Turunkan Angka Peredaran Narkoba,,31 Oktober 2024,Medan,Pemilu,https://pemilu.kompas.com?source=navbar
"Minta Maaf ke Masyarakat, Edy-Hasan: Kami Tak Punya Kekuatan Penguasa ",,31 Oktober 2024,Medan,Pemilu,https://pemilu.kompas.com?source=navbar
"Pilkada Kota Bandung, Farhan-Erwin Siapkan Lahan Parkir Vertikal Atasi Kemacetan",,31 Oktober 2024,Bandung,Pemilu,https://pemilu.kompas.com?source=navbar
"Tak Ingin Jadi Gubernur Pemarah, Bobby-Surya: Kami Humanis",,31 Oktober 2024,Medan,Pemilu,https://pemilu.kompas.com?source=navbar
"Edy Rahmayadi: Marah itu ""By Design"" dalam Debat Pilkada 2024",,31 Oktober 2024,Medan,Pemilu,https://pemilu.kompas.com?source=navbar
"Debat Pilkada Banda Aceh, 4 Paslon Saling Pamer Program",,30 Oktober 2024,Regional,Pemilu,https://pemilu.kompas.com?source=navbar
"Debat Pilkada Sumut, Edy Rahmayadi Janji Tunaikan yang Belum Selesai",,30 Oktober 2024,Medan,Pemilu,https://pemilu.kompas.com?source=navbar
"KPU Libatkan 200 Warga untuk Lipat Surat Suara Pilkada 2024, Logistik Alat Bantu bagi Disabilitas Netra Belum Tiba",,30 Oktober 2024,Regional,Pemilu,https://pemilu.kompas.com?source=navbar
"Debat Kandidat Pilkada Kabupaten Bandung Dijaga Ketat, Tamu Dibatasi 100 Orang",,30 Oktober 2024,Bandung,Pemilu,https://pemilu.kompas.com?source=navbar
Kodam VI Mulawarman Dukung Transisi Energi Hijau di IKN ,,02/11/2024,News,IKN,https://ikn.kompas.com?source=navbar
"Progres Terbaru IKN, Empat Gedung Kantor Kemenko di Atas 60 Persen",,02/11/2024,News,IKN,https://ikn.kompas.com?source=navbar
Otorita Dapat Hibah Rp 119 Miliar Bangun Command Center Tahap II IKN,,02/11/2024,News,IKN,https://ikn.kompas.com?source=navbar
Komisi III DPR Soroti Masalah Penegakan Hukum Tambang Ilegal di Kaltim,,02/11/2024,News,IKN,https://ikn.kompas.com?source=navbar
" Masih Banyak Tambang Ilegal di Kaltim, Rikwanto: Harus Dihilangkan",,01/11/2024,News,IKN,https://ikn.kompas.com?source=navbar
 Balikpapan Berencana Danai Program Makan Bergizi Gratis dari PAD,,01/11/2024,City,IKN,https://ikn.kompas.com?source=navbar
" Selamatkan Kekayaan Negara, Komisi III DPR RI Kunjungi Kaltim",,01/11/2024,News,IKN,https://ikn.kompas.com?source=navbar
" Januari-September 2024, Bandara SAMS Sepinggan Layani 4 Juta Penumpang",,01/11/2024,News,IKN,https://ikn.kompas.com?source=navbar
 Command Center Tahap II IKN Raup Dukungan 7 Raksasa Teknologi Amerika,,01/11/2024,News,IKN,https://ikn.kompas.com?source=navbar
 8 Poin Strategis Kesiapan Otorita IKN Sambut Tahun 2025,,01/11/2024,News,IKN,https://ikn.kompas.com?source=navbar
" 3.100 Hektar Lahan di PPU Disiapkan, Topang Infrastruktur Masa Depan IKN",,01/11/2024,News,IKN,https://ikn.kompas.com?source=navbar
 Pasar dan Puskesmas Buat ASN yang Pindah ke IKN Mulai Dibangun,,31/10/2024,News,IKN,https://ikn.kompas.com?source=navbar
" Penjelasan Nusron soal 2.086 Hektar Lahan di IKN, Habis Masa HGU",,31/10/2024,News,IKN,https://ikn.kompas.com?source=navbar
" Terbesar dalam Sejarah, Kompetisi IFRC Ke-21 Hasilkan Juara Umum Baru",,31/10/2024,Community,IKN,https://ikn.kompas.com?source=navbar
"Terus Digeber, Jalan IKN Jadi Salah Satu Fokus Kementerian PU","
Ditjen Bina Marga pun akan lebih memperkuat pembinaan untuk mendukung ketahanan pangan sampai ke titik-titik produksi yang memerlukan peran besar dari
",25/10/2024,Infrastructure,IKN,https://ikn.kompas.com?source=navbar
Proyek Jalan Kawasan Hankam dan Lingkar Sepaku 4 di IKN Berlanjut,,23/10/2024,Infrastructure,IKN,https://ikn.kompas.com?source=navbar
"Beres Tahun 2025, Begini Progres Terbaru Tol IKN Seksi 6B dan 6C",,18/09/2024,Infrastructure,IKN,https://ikn.kompas.com?source=navbar
Jalan Tol IKN dan Konektivitas Lainnya Dapat Pagu Rp 4 Triliun,,29/08/2024,Infrastructure,IKN,https://ikn.kompas.com?source=navbar
"Bangun Jalan dan Jembatan di IKN, Pemerintah Habiskan Rp 18,9 Triliun",,21/08/2024,Infrastructure,IKN,https://ikn.kompas.com?source=navbar
"Daftar Perumahan Murah di Sekitar IKN, Harga di Bawah Rp 200 Juta","
Sebagai lokasi Ibu Kota Nusantara (IKN) berada, Kabupaten Penajam Paser Utara menjadi pusat perhatian, menawarkan berbagai pilihan rumah subsidi denga
",29/10/2024,Housings,IKN,https://ikn.kompas.com?source=navbar
"Pilihan Rumah Murah di Penyangga IKN, Harga Kurang dari Rp 200 Juta",,28/10/2024,Housings,IKN,https://ikn.kompas.com?source=navbar
Perumahan Murah di Bawah Rp 200 Juta di Penyangga IKN Balikpapan,,23/09/2024,Housings,IKN,https://ikn.kompas.com?source=navbar
"Pembangunan Tercepat, Rusun ASN 2 di IKN Sabet Rekor Muri",,19/09/2024,Housings,IKN,https://ikn.kompas.com?source=navbar
"Bangun Rumah Subsidi di IKN, REI Masih Tunggu Permintaan Konsumen ",,20/08/2024,Housings,IKN,https://ikn.kompas.com?source=navbar
Dubes Norwegia Apresiasi Pembangunan IKN,"
Dia meyakini, pembangunan plasma nutfah nasional akan sangat berguna untuk melestarikan kekayaan biodiversitas di Indonesia.

",19/10/2024,Foresta,IKN,https://ikn.kompas.com?source=navbar
Revitalisasi Pusat Konservasi Beruang Madu Diresmikan,,16/10/2024,Foresta,IKN,https://ikn.kompas.com?source=navbar
Senawara Borneo: Proyek IKN Bikin Luasan Mangrove Susut 1.800 Hektar ,,10/09/2024,Foresta,IKN,https://ikn.kompas.com?source=navbar
DPRD Desak Polda Tuntaskan Kasus Tambang Ilegal di IKN dan Kaltim,,22/07/2024,Foresta,IKN,https://ikn.kompas.com?source=navbar
Reforestasi Lahan Kritis IKN Baru 3.000 Hektar dari Total 126.000 Hektar,,28/06/2024,Foresta,IKN,https://ikn.kompas.com?source=navbar
Balikpapan Berencana Danai Program Makan Bergizi Gratis dari PAD,"
Penggunaan dana yang bersumber dari PAD tersebut merupakan salah satu dari beberapa opsi yang akan digali dan dibahas Pemkot Balikpapan.

",01/11/2024,City,IKN,https://ikn.kompas.com?source=navbar
"Balikpapan Jelang Pilkada 2024, 536.475 Surat Suara Mulai Disortir ",,29/10/2024,City,IKN,https://ikn.kompas.com?source=navbar
"Pemindahan ASN Dimulai Januari 2025, Archipelago Bidik Peluang Hotel",,25/10/2024,City,IKN,https://ikn.kompas.com?source=navbar
Gedung Garuda Rescue Nusantara Balikpapan Sabet Rekor Muri,,24/10/2024,City,IKN,https://ikn.kompas.com?source=navbar
"Respons Kabinet Merah Putih, DPOP Balikpapan Bentuk Bidang Baru",,22/10/2024,City,IKN,https://ikn.kompas.com?source=navbar
"Terbesar dalam Sejarah, Kompetisi IFRC Ke-21 Hasilkan Juara Umum Baru","
Sedikitnya 1.300 penonton datang langsung ke venue GRN setiap hari dan memberikan peningkatan omset bagi lebih dari 20 UMKM lokal.

",31/10/2024,Community,IKN,https://ikn.kompas.com?source=navbar
"Syuting 13 Jam, Aqila Nayyara Berjaya dengan Kunang-kunang",,27/10/2024,Community,IKN,https://ikn.kompas.com?source=navbar
"BFF Digelar, Jalan Balikpapan Menjadi Barometer Perfilman Indonesia",,27/10/2024,Community,IKN,https://ikn.kompas.com?source=navbar
"Toko Penyeimbang, Intervensi Pemerintah Stabilkan Harga Pangan",,25/10/2024,Community,IKN,https://ikn.kompas.com?source=navbar
"Sandar di Balikpapan, KRI Bima Suci Terbuka Dikunjungi Warga ",,24/10/2024,Community,IKN,https://ikn.kompas.com?source=navbar
" Akhir Desember 2024, Otorita Berkantor di IKN ",,31/10/2024,News,IKN,https://ikn.kompas.com?source=navbar
" Kuartal I Tahun 2025, Pembangunan Al Azhar Summarecon di IKN Dimulai",,31/10/2024,News,IKN,https://ikn.kompas.com?source=navbar
" Otorita Beri Sinyal Ada ""Groundbreaking"" IKN Akhir Tahun 2024",,30/10/2024,News,IKN,https://ikn.kompas.com?source=navbar
" Proyek Gedung DPR/MPR dan MA di IKN Masih dalam Tahap ""Basic Design""",,30/10/2024,News,IKN,https://ikn.kompas.com?source=navbar
" Ada Prosedur Kurang Sesuai, Proyek IKN Dapat 51 Rekomendasi dari BPK",,30/10/2024,News,IKN,https://ikn.kompas.com?source=navbar
" Sampai Oktober 2024, Kementerian PU Guyur IKN Rp 41,90 Triliun ",,30/10/2024,News,IKN,https://ikn.kompas.com?source=navbar
" Prabowo Ingin Sidang Paripurna DPR/MPR 2028 Digelar di IKN, Ini Kabar Terbarunya",,30/10/2024,News,IKN,https://ikn.kompas.com?source=navbar
 Kementerian PU Dukung Infrastruktur Pertanian dan Lanjutkan IKN,,29/10/2024,News,IKN,https://ikn.kompas.com?source=navbar
" Sisi Lain IKN, 50-100 Orang Per Bulan Dipulangkan karena Minim Keahlian",,29/10/2024,News,IKN,https://ikn.kompas.com?source=navbar
" Balikpapan Jelang Pilkada 2024, 536.475 Surat Suara Mulai Disortir ",,29/10/2024,City,IKN,https://ikn.kompas.com?source=navbar
 Proyek IKN Lanjut? Dody Tegaskan Prioritas Dukung Swasembada Pangan,,29/10/2024,News,IKN,https://ikn.kompas.com?source=navbar
" Daftar Perumahan Murah di Sekitar IKN, Harga di Bawah Rp 200 Juta",,29/10/2024,Housings,IKN,https://ikn.kompas.com?source=navbar
" Pilihan Rumah Murah di Penyangga IKN, Harga Kurang dari Rp 200 Juta",,28/10/2024,Housings,IKN,https://ikn.kompas.com?source=navbar
" Jangan Tertipu, Otorita Kembali Ingatkan Kunjungan ke IKN Gratis",,28/10/2024,Berita,IKN,https://ikn.kompas.com?source=navbar
" Bagi Prabowo, IKN Merupakan Ibu Kota Politik",,28/10/2024,News,IKN,https://ikn.kompas.com?source=navbar
 Prabowo Tegaskan Komitmen Pembangunan Infrastruktur IKN Tuntas 4 Tahun,,28/10/2024,News,IKN,https://ikn.kompas.com?source=navbar
" Ada IKN, Pilkada Balikpapan Diharapkan Hasilkan Pemimpin Berkualitas",,28/10/2024,News,IKN,https://ikn.kompas.com?source=navbar
 Prabowo dan Jokowi Minta Basuki Jadi Kepala Otorita IKN,,28/10/2024,News,IKN,https://ikn.kompas.com?source=navbar
" Syuting 13 Jam, Aqila Nayyara Berjaya dengan Kunang-kunang",,27/10/2024,Community,IKN,https://ikn.kompas.com?source=navbar
" BFF Digelar, Jalan Balikpapan Menjadi Barometer Perfilman Indonesia",,27/10/2024,Community,IKN,https://ikn.kompas.com?source=navbar
" Banyak Broker Berkeliaran, Otorita Tegaskan Kunjungan ke IKN Gratis ",,26/10/2024,News,IKN,https://ikn.kompas.com?source=navbar
" Toko Penyeimbang, Intervensi Pemerintah Stabilkan Harga Pangan",,25/10/2024,Community,IKN,https://ikn.kompas.com?source=navbar
" IKN Magnet Baru di Kaltim, Dorong Investasi Tembus Rp 14,8 Triliun",,25/10/2024,News,IKN,https://ikn.kompas.com?source=navbar
" Pemindahan ASN Dimulai Januari 2025, Archipelago Bidik Peluang Hotel",,25/10/2024,City,IKN,https://ikn.kompas.com?source=navbar
" Kunjungan ke IKN Meningkat, ""Tour Guide"" Terlatih Dibutuhkan",,25/10/2024,News,IKN,https://ikn.kompas.com?source=navbar
" Terus Digeber, Jalan IKN Jadi Salah Satu Fokus Kementerian PU",,25/10/2024,Infrastructure,IKN,https://ikn.kompas.com?source=navbar
Mengapa Sampel Parfum Disemprot di Kertas? Simak Alasannya,,02/11/2024,BEAUTY & GROOMING,Lifestyle,https://lifestyle.kompas.com?source=navbar
"Jangan Sampai Tertipu, 5 Cara Membedakan Tas ""Branded"" Asli dan Palsu",,02/11/2024,WELLNESS,Lifestyle,https://lifestyle.kompas.com?source=navbar
"Air Rebusan Jahe, Cara Alami Redakan ""Morning Sickness"" pada Ibu Hamil",,02/11/2024,WELLNESS,Lifestyle,https://lifestyle.kompas.com?source=navbar
"Anak Dipukul Temannya, Perlukah Membalas? Orangtua Wajib Tahu",,01/11/2024,PARENTING,Lifestyle,https://lifestyle.kompas.com?source=navbar
"Aroma Parfum Bisa Berbeda pada Setiap Orang, Ini 4 Sebabnya",,03/11/2024,Beauty & Grooming,Lifestyle,https://lifestyle.kompas.com?source=navbar
"Simak, Cara Membersihkan Teether dengan Tepat",,03/11/2024,Parenting,Lifestyle,https://lifestyle.kompas.com?source=navbar
"Cerita Atie Nitiasmoro Ikut Lestarikan Kebaya, Sempat Dicemooh",,,,Lifestyle,https://lifestyle.kompas.com?source=navbar
"Miss Universe Indonesia 2024, Bicara Kesehatan Mental hingga Pendidikan",,,,Lifestyle,https://lifestyle.kompas.com?source=navbar
Kisah Jakarta dalam Sehelai Kain Batik,,,,Lifestyle,https://lifestyle.kompas.com?source=navbar
Ingin Tampil Menarik? Coba Sesuaikan Aroma Parfum dengan Outfit,,03/11/2024,Beauty & Grooming,Lifestyle,https://lifestyle.kompas.com?source=navbar
"Hati-hati, Teether Juga Bisa Sebabkan Gigi Tonggos pada Anak",,03/11/2024,Parenting,Lifestyle,https://lifestyle.kompas.com?source=navbar
5 Alasan Mengapa Saat Memakai Pembalut Terasa Gatal,,03/11/2024,Wellness,Lifestyle,https://lifestyle.kompas.com?source=navbar
Kapan Bayi Boleh Menggunakan Teether? Simak Penjelasan Dokter,,03/11/2024,Parenting,Lifestyle,https://lifestyle.kompas.com?source=navbar
"Pakai Batu Tawas untuk Ketiak, Ketahui 4 Hal Ini",,03/11/2024,Beauty & Grooming,Lifestyle,https://lifestyle.kompas.com?source=navbar
"Perbedaan Tas Branded Asli dan Palsu Bisa Dikenali dari Bau, Benarkah?",,03/11/2024,Fashion,Lifestyle,https://lifestyle.kompas.com?source=navbar
"Perbedaan Tas Branded Asli dan Palsu Bisa Dikenali dari Bau, Benarkah?","
Perbedaan tas branded asli dan palsu ternyata juga bisa dikenali lewat bau atau aroma materialnya alias perangkat luarnya atau hardware.
",03/11/2024,Fashion,Lifestyle,https://lifestyle.kompas.com?source=navbar
"Tas Branded KW Menjamur, Apakah Kualitasnya Bagus?",,03/11/2024,Fashion,Lifestyle,https://lifestyle.kompas.com?source=navbar
"Gen Z Rela Habiskan Uang Puluhan Juta Rupiah demi Tas ""Branded""",,02/11/2024,Fashion,Lifestyle,https://lifestyle.kompas.com?source=navbar
"Shoulder Bag atau Sling Bag, Mana Favorit Gen Z?",,01/11/2024,Fashion,Lifestyle,https://lifestyle.kompas.com?source=navbar
Ingin Tampil Menarik? Coba Sesuaikan Aroma Parfum dengan Outfit,"
Sebagai melengkapi penampilan, penting untuk memilih aroma parfum yang sesuai dengan gaya berpakaian untuk semakin menonjolkan persona kamu.
",03/11/2024,Beauty & Grooming,Lifestyle,https://lifestyle.kompas.com?source=navbar
"Hari Terakhri Scent of Indonesia, Simak 5 Tips Belanja Ini",,03/11/2024,Beauty & Grooming,Lifestyle,https://lifestyle.kompas.com?source=navbar
"Viral di TikTok Pengantin Bagi-bagi Suvenir Sayur, Begini Kisahnya","
Membagikan kipas tangan atau gelas minum untuk suvenir pernikahan sudah biasa. Pasangan ini memilih sayur-sayuran untuk suvenir mereka.
",29/10/2024,Relationship,Lifestyle,https://lifestyle.kompas.com?source=navbar
Apa yang Scorpio Benci? Ternyata 5 Hal Ini,,28/10/2024,Relationship,Lifestyle,https://lifestyle.kompas.com?source=navbar
Zodiak Scorpio Tanggal Berapa? Ketahui Karakternya,,28/10/2024,Relationship,Lifestyle,https://lifestyle.kompas.com?source=navbar
8 Cara Menghadapi Orangtua yang Suka Mengontrol,,28/10/2024,Relationship,Lifestyle,https://lifestyle.kompas.com?source=navbar
"Hati-hati, Teether Juga Bisa Sebabkan Gigi Tonggos pada Anak","
Penggunaan teether yang berlebihan bisa berdampak buruk pada gigi seperti tonggos, sama dengan empeng.
",03/11/2024,Parenting,Lifestyle,https://lifestyle.kompas.com?source=navbar
"3 Tips Makan Sehat untuk Persiapan Kehamilan, Calon Bumil Wajib Tahu",,03/11/2024,Parenting,Lifestyle,https://lifestyle.kompas.com?source=navbar
5 Alasan Mengapa Saat Memakai Pembalut Terasa Gatal,"
Mengapa saat memakai pembalut terasa gatal? Mungkin lima hal ini penyebabnya. 
",03/11/2024,Wellness,Lifestyle,https://lifestyle.kompas.com?source=navbar
"Ketahui, Kapan Bayi Harus Berhenti Gigit Teether?",,03/11/2024,Wellness,Lifestyle,https://lifestyle.kompas.com?source=navbar
"Cegah Preeklampsia dengan Membatasi 2 Jenis Makanan Ini, Bumil Harus Tahu",,02/11/2024,Wellness,Lifestyle,https://lifestyle.kompas.com?source=navbar
"Sering Jajan Sembarangan Sebabkan Malnutrisi dan Risiko Kanker, Kok Bisa?",,02/11/2024,Wellness,Lifestyle,https://lifestyle.kompas.com?source=navbar
"Cara Sukses Layering Parfum, Perhatikan Skin Chemistry",,02/11/2024,Beauty & Grooming,Lifestyle,https://lifestyle.kompas.com?source=navbar
Tiga Prinsip Dasar Pengasuhan Anak Sesuai Tahap Perkembangannya,,01/11/2024,Buku,Lifestyle,https://lifestyle.kompas.com?source=navbar
5 Keuntungan Jadi Content Creator: Ganti Profesi? ,,,Buku,Lifestyle,https://lifestyle.kompas.com?source=navbar
Arti Sering Memimpikan Seseorang yang Kita Sukai,,,Buku,Lifestyle,https://lifestyle.kompas.com?source=navbar
Understanding Why Children Bully: Membantu Anak-Anak Menghadapi Masalah Bullying dengan Efektif,,,Buku,Lifestyle,https://lifestyle.kompas.com?source=navbar
"Penulis Almond & Tube, Sohn Wonpyung, Berkunjung ke Indonesia",,,Buku,Lifestyle,https://lifestyle.kompas.com?source=navbar
Apa Saja Perbedaan Copywriting dan Content writing? Simak di Sini!,,,Buku,Lifestyle,https://lifestyle.kompas.com?source=navbar
Kenali Tanda Red Flag pada Cewek Berikut Ini,,,Buku,Lifestyle,https://lifestyle.kompas.com?source=navbar
"7 Aktor Terkaya di Dunia, Siapa Saja Mereka?",,,Buku,Lifestyle,https://lifestyle.kompas.com?source=navbar
Angsa dan Kelelawar Karya Keigo Higashino Bisa Kamu Pesan SEKARANG!,,,Buku,Lifestyle,https://lifestyle.kompas.com?source=navbar
"Roadshow di Bandung, SRECharged Dorong Percepatan Adopsi Motor Listrik Tanah Air",,15 jam lalu,LESTARI,Lestari,https://lestari.kompas.com?source=navbar
Pasar Teknologi Bersih Meningkat Tiga Kali Lipat pada 2035,,1 hari lalu,LESTARI,Lestari,https://lestari.kompas.com?source=navbar
50 Diskusi dan 44 Pembicara Hadir dalam Acara Langkah Membumi Festival 2024,,1 hari lalu,LESTARI,Lestari,https://lestari.kompas.com?source=navbar
Pusat Data Ramah Lingkungan Bantu Dorong Investasi Hijau di Asia Tenggara,,1 hari lalu,LESTARI,Lestari,https://lestari.kompas.com?source=navbar
Pekerja Gen Z Lebih Peduli Isu Kesehatan Mental,,3 hari lalu,LIFESTYLE,Lestari,https://lestari.kompas.com?source=navbar
"WHO: Gantikan Covid-19, TBC Sebab Utama Kematian akibat Penyakit Menular",,4 hari lalu,HEALTH,Lestari,https://lestari.kompas.com?source=navbar
"Pekerja Gen Z Lebih Rentan Alami Gangguan Kesehatan Mental, Benarkah?",,4 hari lalu,LIFESTYLE,Lestari,https://lestari.kompas.com?source=navbar
Apa Saja Jenis Olahraga Terbaik untuk Tingkatkan Kesehatan Mental?,,5 hari lalu,TREN,Lestari,https://lestari.kompas.com?source=navbar
"""Triple Bottom Line"" dan ""Green Jobs"" Jadi Landasan Penting Bisnis Berkelanjutan ",,9 jam lalu,EDUKASI,Lestari,https://lestari.kompas.com?source=navbar
"Materi Pendidikan Profesi Guru Ditambah, Mendikdasmen Ingin Tingkatkan Kualitas Guru",,10 jam lalu,EDUKASI,Lestari,https://lestari.kompas.com?source=navbar
Ingin Kuliah S2-S3 Gratis di AS? Daftar Beasiswa Fulbright 2025,,10 jam lalu,EDUKASI,Lestari,https://lestari.kompas.com?source=navbar
Mendikdasmen Bakal Beri Beasiswa buat Guru yang Belum S1 dan S4,,12 jam lalu,EDUKASI,Lestari,https://lestari.kompas.com?source=navbar
Komitmen Keberlanjutan Energi Disorot di Hari Listrik Nasional ke-79,,9 jam lalu,MONEY,Lestari,https://lestari.kompas.com?source=navbar
BMKG Ungkap Potensi Banjir Rob di Sejumlah Wilayah Pesisir hingga 13 November 2024,,1 hari lalu,TREN,Lestari,https://lestari.kompas.com?source=navbar
"Dukung Energi Terbarukan, AirNav Resmikan Instalasi Biogas di Tulungagung",,2 hari lalu,MONEY,Lestari,https://lestari.kompas.com?source=navbar
Pucuk Coolinary Festival 2024: Dukung UMKM Kuliner dengan Ratusan Menu FYP untuk Pecinta Kuliner Indonesia,,5 jam lalu,FOOD,Lestari,https://lestari.kompas.com?source=navbar
"Triwulan III-2024, Penyaluran Kredit UMKM BRI Capai Rp 1.105,70 Triliun",,8 jam lalu,ADVERTORIAL,Lestari,https://lestari.kompas.com?source=navbar
"Kebijakan Hapus Buku dan Hapus Tagih Kredit Macet, Langkah Pemerintah Permudah Akses Pembiayaan untuk UMKM, Petani, Nelayan",,9 jam lalu,MONEY,Lestari,https://lestari.kompas.com?source=navbar
"Transformasi Coding Bee Academy, dari Pusat Pembelajaran Coding Jadi Pendidikan Teknologi dan Digital",,5 minggu lalu,Lestari Partner,Lestari,https://lestari.kompas.com?source=navbar
"Luncurkan Laporan Keberlanjutan 2023, Berikut Capaian APRIL Dukung SDGs",,5 minggu lalu,Lestari Partner,Lestari,https://lestari.kompas.com?source=navbar
Kemenkominfo Ajak Anak Muda Sumba Timur Sadar Stunting,,5 minggu lalu,Lestari Partner,Lestari,https://lestari.kompas.com?source=navbar
"Dulu Kumuh dan Bau, Begini Pesona Kampung Bersih Nusantara di Pannampu Sekarang",,8 minggu lalu,Lestari Partner,Lestari,https://lestari.kompas.com?source=navbar
"Dorong Keberlanjutan, Blibli Kembali Gelar Langkah Membumi Festival",,1 hari lalu,LESTARI,Lestari,https://lestari.kompas.com?source=navbar
Setengah Kota Besar Dunia Hadapi Risiko Iklim Parah pada 2050,,1 hari lalu,LESTARI,Lestari,https://lestari.kompas.com?source=navbar
Jumlah Mikroplastik di Air Tawar Meningkat,,2 hari lalu,LESTARI,Lestari,https://lestari.kompas.com?source=navbar
"Dorong Irigasi Berkelanjutan, Balai Teknik Irigasi Kementerian PU Jalin Kerja Sama dengan MRC",,2 hari lalu,LESTARI,Lestari,https://lestari.kompas.com?source=navbar
"Dorong Pemakaian EV, Penempatan Stasiun Pengisian Listrik Perlu Diperhatikan",,2 hari lalu,LESTARI,Lestari,https://lestari.kompas.com?source=navbar
Ilmuwan Peringatkan Bumi Makin Tidak Layak Huni,,2 hari lalu,LESTARI,Lestari,https://lestari.kompas.com?source=navbar
Greenpeace: Restorasi Lahan Gambut 10 Tahun Terakhir Tidak Memuaskan,,2 hari lalu,LESTARI,Lestari,https://lestari.kompas.com?source=navbar
Presiden Prabowo Didorong Jadikan Transisi Energi Misi Nasional,,2 hari lalu,LESTARI,Lestari,https://lestari.kompas.com?source=navbar
"Di COP16 Kolombia, Masyarakat Sipil Desak Pemerintah RI Batasi Produksi Nikel",,3 hari lalu,LESTARI,Lestari,https://lestari.kompas.com?source=navbar
"Kali Pertama dalam 130 Tahun Gunung Fuji Telat Bersalju, Pertanda Buruk?",,3 hari lalu,LESTARI,Lestari,https://lestari.kompas.com?source=navbar
Perubahan Iklim Bikin Ekonomi Negara Asia dan Pasifik Rugi Besar,,3 hari lalu,LESTARI,Lestari,https://lestari.kompas.com?source=navbar
"Jaga Keanekaragaman Hayati, Masyarakat Adat Kalimantan Bersuara di COP 16",,3 hari lalu,LESTARI,Lestari,https://lestari.kompas.com?source=navbar
Nol Emisi Kini Bukan Sekedar Mimpi Ibu Pertiwi...,,3 hari lalu,LESTARI,Lestari,https://lestari.kompas.com?source=navbar
2 Bank Ini Salurkan Pembiayaan Berkelanjutan Rp 110 Triliun hingga September 2024,,4 hari lalu,LESTARI,Lestari,https://lestari.kompas.com?source=navbar
Prabowo Mau Bagi-bagi Becak Listrik Gratis ke Ribuan Tukang Becak,,,,Money,https://money.kompas.com/?source=navbar
"Mengenal Revenue Streams, Jenis, dan Contohnya dalam Dunia Bisnis",,,EKBIS,Money,https://money.kompas.com/?source=navbar
"Cara Ganti Nomor HP BRImo, Livin' by Mandiri, dan BCA mobile",,,EKBIS,Money,https://money.kompas.com/?source=navbar
"BI Catat Transaksi Bisnis di ISEF 2024 Tembus Rp 1,85 Triliun",,,SYARIAH,Money,https://money.kompas.com/?source=navbar
"Produk Derivatif Baru di BEI, Peluang Lindung Nilai bagi Investor",,,EKBIS,Money,https://money.kompas.com/?source=navbar
Riset Lazada: 88 Persen Konsumen Beli Produk Berdasarkan Konten dan Rekomendasi AI,,,BELANJA,Money,https://money.kompas.com/?source=navbar
"Biodiesel B40 Selesai Diuji, Bahlil Optimistis Program Dimulai 1 Januari 2025",,,ENERGI,Money,https://money.kompas.com/?source=navbar
 Cara Ajukan Sanggah Hasil Seleksi Administrasi PPPK 2024 di SSCASN,,03/11/2024,Ekbis,Money,https://money.kompas.com/?source=navbar
" Cerita Bahlil Ditugasi Prabowo, dalam 2 Minggu Problem Subsidi BBM Harus Beres",,03/11/2024,Energi,Money,https://money.kompas.com/?source=navbar
 Apakah Bayar Tunggakan Iuran BPJS Bisa Dicicil?,,03/11/2024,Ekbis,Money,https://money.kompas.com/?source=navbar
" Pemerintah Mau ""Sulap"" Rumput Laut Jadi Bioavtur",,03/11/2024,Energi,Money,https://money.kompas.com/?source=navbar
 Kadin Akan Lakukan Kajian dan Advokasi untuk Selamatkan Industri Tekstil,,03/11/2024,Industri,Money,https://money.kompas.com/?source=navbar
 Jadwal KA Priority Terbaru Periode November 2024,,03/11/2024,Ekbis,Money,https://money.kompas.com/?source=navbar
" Silmy Karim, Wujudkan Layanan Keimigrasian Anti Ribet, Tegas Menindak WNA Nakal! - [NGOBROL BOSS]",,20/09/2024,KGNow!,Money,https://money.kompas.com/?source=navbar
 Membawa Pembaruan di Bisnis Transportasi Kapal Laut #NgobrolBoss #ASDP,,16/07/2024,KGNow!,Money,https://money.kompas.com/?source=navbar
 Resep Switch Karier Ala Dirut ASDP,,16/07/2024,KGNow!,Money,https://money.kompas.com/?source=navbar
Kala Utang Paylater RI Naik Dua Kali Lipat,,02/11/2024,KEUANGAN,Money,https://money.kompas.com/?source=navbar
 Bahlil: Subsidi BBM dan Listrik Berpotensi Salah Sasaran hingga Rp 100 Triliun,,03/11/2024,Energi,Money,https://money.kompas.com/?source=navbar
 Komisi V DPR dan Wamenhub Tinjau Kesiapan Pelayanan Penyeberangan ASDP Jelang Libur Nataru 2025,,03/11/2024,Ekbis,Money,https://money.kompas.com/?source=navbar
" DPR RI Buka Lowongan Kerja Tenaga Ahli, Simak Persyaratannya",,03/11/2024,Karier,Money,https://money.kompas.com/?source=navbar
" Masih Promo, Cek Jadwal KA BIAS Rute Bandara Adi Soemarmo–Madiun",,03/11/2024,Ekbis,Money,https://money.kompas.com/?source=navbar
" Bantah Bos Sritex dan Kemenperin, Mendag Sebut Permendag 8/2024 Justru Lindungi Industri Tekstil",,03/11/2024,Ekbis,Money,https://money.kompas.com/?source=navbar
 Bagaimana Cara Ilmuwan Memberi Nama untuk Spesies Dinosaurus?,,03/11/2024,VIDEO,Money,https://money.kompas.com/?source=navbar
" Airlangga Sebut Satgas Penurunan Harga Tiket Pesawat Tetap Jalan, Kemenko Marves Digantikan Kemenko Infrastruktur",,03/11/2024,Ekbis,Money,https://money.kompas.com/?source=navbar
" Kebijakan Hapus Buku dan Hapus Tagih Kredit Macet, Langkah Pemerintah Permudah Akses Pembiayaan untuk UMKM, Petani, Nelayan",,03/11/2024,Ekbis,Money,https://money.kompas.com/?source=navbar
 Pembangunan Jargas Digenjot untuk Kurangi Ketergantungan pada Impor dan Subsidi Energi,,03/11/2024,Energi,Money,https://money.kompas.com/?source=navbar
 Cetak Sejarah Sri Mulyani dan Strategi 3 Wamenkeu,,03/11/2024,VIDEO,Money,https://money.kompas.com/?source=navbar
 Punya Karya Jangan Cuma Disimpan! Ini Cara Kreator Hasilkan Cuan #GenerasiCuan #PaulinaPurnomowati,,01/11/2024,VIDEO,Money,https://money.kompas.com/?source=navbar
 Kerja hybrid? Produktivitas tetap maksimal! #GenerasiCuan #PaulinaPurnomowati,,01/11/2024,VIDEO,Money,https://money.kompas.com/?source=navbar
 30 Perusahaan Resmi Jadi Anggota Bursa Kripto CFX,,31/10/2024,VIDEO,Money,https://money.kompas.com/?source=navbar
 Apa Fitur Laptop yang Jadi Senjata Buat Work From Anywhere? #GenerasiCuan,,31/10/2024,VIDEO,Money,https://money.kompas.com/?source=navbar
 Apa Sih Tips Memilih Perangkat kerja Supaya Makin Cuan? #GenerasiCuan,,31/10/2024,VIDEO,Money,https://money.kompas.com/?source=navbar
"Tips Lancar Kuliah S2 dari Syafika, Wisudawan Terbaik Manajemen UGM","
Tips ini datang dari Syafika Dhea Taqiya Ramadhani (23) yang merupakan wisudawan terbaik Program Studi (prodi) Magister Sains Manajemen FEB UGM.
",03/11/2024,Edu News,Edukasi,https://edukasi.kompas.com/?source=navbar
"""Triple Bottom Line"" dan ""Green Jobs"" Jadi Landasan Penting Bisnis Berkelanjutan ",,03/11/2024,Edu News,Edukasi,https://edukasi.kompas.com/?source=navbar
"Sekolah Bogor Raya Berpartisipasi di Ajang Festival ""This is Indonesia"" New York ",,03/11/2024,Edu News,Edukasi,https://edukasi.kompas.com/?source=navbar
"H-1 Ditutup, Simak Cara Daftar PPPK Kemenag 2024",,03/11/2024,Edu News,Edukasi,https://edukasi.kompas.com/?source=navbar
"Tips Lancar Kuliah S2 dari Syafika, Wisudawan Terbaik Manajemen UGM","
Tips ini datang dari Syafika Dhea Taqiya Ramadhani (23) yang merupakan wisudawan terbaik Program Studi (prodi) Magister Sains Manajemen FEB UGM.
",03/11/2024,Perguruan Tinggi,Edukasi,https://edukasi.kompas.com/?source=navbar
Ingin Kuliah S2-S3 Gratis di AS? Daftar Beasiswa Fulbright 2025,,03/11/2024,Perguruan Tinggi,Edukasi,https://edukasi.kompas.com/?source=navbar
"Uti Nilam, Lulusan Kedokteran yang Jadi Medical Illustrator Pertama di Indonesia",,03/11/2024,Perguruan Tinggi,Edukasi,https://edukasi.kompas.com/?source=navbar
"20 Universitas Swasta Terbaik di Surabaya Versi EduRank, Referensi Kuliah Tahun Depan",,02/11/2024,Perguruan Tinggi,Edukasi,https://edukasi.kompas.com/?source=navbar
"Sekolah Bogor Raya Berpartisipasi di Ajang Festival ""This is Indonesia"" New York ","
Festival bertujuan memperkenalkan kekayaan budaya Indonesia kepada masyarakat internasional.
",03/11/2024,Sekolah,Edukasi,https://edukasi.kompas.com/?source=navbar
"Materi Pendidikan Profesi Guru Ditambah, Mendikdasmen Ingin Tingkatkan Kualitas Guru",,03/11/2024,Sekolah,Edukasi,https://edukasi.kompas.com/?source=navbar
"Soal Penguatan Matematika sejak TK, Guru Besar UPI: Cinta Matematika Harus Jadi Gerakan",,03/11/2024,Sekolah,Edukasi,https://edukasi.kompas.com/?source=navbar
Kemenag Susun Peraturan Menteri Baru tentang Pendidikan Agama di Sekolah,,03/11/2024,Sekolah,Edukasi,https://edukasi.kompas.com/?source=navbar
"Doa Masuk Pasar, Lengkap dengan Artinya","
Doa masuk pasar, lengkap dengan artinya dapat disimak dalam artikel berikut.
",03/11/2024,Edu News,Edukasi,https://edukasi.kompas.com/?source=navbar
Doa Sebelum dan Sesudah Ibadat umat Katolik,,01/11/2024,Edu News,Edukasi,https://edukasi.kompas.com/?source=navbar
Contoh Kata Berima Secara Utuh,,01/11/2024,Edu News,Edukasi,https://edukasi.kompas.com/?source=navbar
"Kata Kerja Mental: Pengertian, Ciri-ciri, dan Contohnya ",,01/11/2024,Edu News,Edukasi,https://edukasi.kompas.com/?source=navbar
"Kisah Rafa Kusuma, Dalang Cilik Down Syndrome Berbakat Asal Yogyakarta","
Anak dengan down syndrome itu juga manusia yang punya perasaan, pikiran, panca indra. Sudah saatnya kita memutuskan tali kebencian terhadap mereka.
",19/09/2024,Pendidikan Khusus,Edukasi,https://edukasi.kompas.com/?source=navbar
"Luncurkan Platform Pendidikan Inklusif, Kemendikbud: Siswa Bisa Lebih Keluarkan Potensinya",,28/03/2024,Pendidikan Khusus,Edukasi,https://edukasi.kompas.com/?source=navbar
"Autisme Bukan Penyakit, Psikolog: Ada 3 Cara Mendampingi",,17/02/2024,Pendidikan Khusus,Edukasi,https://edukasi.kompas.com/?source=navbar
30 Kampus Tujuan Beasiswa LPDP 2024 untuk Penyandang Disabilitas,,13/01/2024,Pendidikan Khusus,Edukasi,https://edukasi.kompas.com/?source=navbar
Ingin Kuliah S2-S3 Gratis di AS? Daftar Beasiswa Fulbright 2025,"
Terdapat 2 jenis beasiswa yang dapat diikuti untuk memperoleh gelar, yakni Fulbright Master’s Degree Scholarship dan Fulbright Doctoral Degree (PhD).
",03/11/2024,Beasiswa,Edukasi,https://edukasi.kompas.com/?source=navbar
Mendikdasmen Bakal Beri Beasiswa buat Guru yang Belum S1 dan S4,,03/11/2024,Beasiswa,Edukasi,https://edukasi.kompas.com/?source=navbar
Sosok Ifiana Anak TKI Penghafal Al-Qur'an yang Meninggal Jelang Wisuda di Unesa,,02/11/2024,Beasiswa,Edukasi,https://edukasi.kompas.com/?source=navbar
"7 Beasiswa S1-S3 Gratis ke Luar Negeri 2024-2025, Tanpa Minimal Usia",,01/11/2024,Beasiswa,Edukasi,https://edukasi.kompas.com/?source=navbar
"Luncurkan Buku Karya Siswa, SD Ekayana Ehipassiko BSD Perkuat Pendidikan Karakter lewat Literasi","
Dalam peringatan Bulan Bahasa, SD Ekayana Ehipassiko BSD meluncurkan buku kumpulan cerpen fabel karya siswa kelas 4 sebagai bagian penguatan karakter.
",02/11/2024,Literasi,Edukasi,https://edukasi.kompas.com/?source=navbar
"Mendikdasmen: Bahasa Tidak Hanya Alat Komunikasi, tapi Juga Bagian dari Keadaban Bangsa",,29/10/2024,Literasi,Edukasi,https://edukasi.kompas.com/?source=navbar
"Melalui Bulan Bahasa dan Sastra, Mendikdasmen Tegaskan Kedaulatan Bahasa Indonesia",,28/10/2024,Literasi,Edukasi,https://edukasi.kompas.com/?source=navbar
"Bertema “Berbahasa Cerdas untuk Generasi Emas”, Bulan Bahasa dan Sastra 2024 Gelar Berbagai Kegiatan",,26/10/2024,Literasi,Edukasi,https://edukasi.kompas.com/?source=navbar
"Tips Lancar Kuliah S2 dari Syafika, Wisudawan Terbaik Manajemen UGM",,03/11/2024,Edukasi,Edukasi,https://edukasi.kompas.com/?source=navbar
"""Triple Bottom Line"" dan ""Green Jobs"" Jadi Landasan Penting Bisnis Berkelanjutan ",,03/11/2024,Edukasi,Edukasi,https://edukasi.kompas.com/?source=navbar
"Sekolah Bogor Raya Berpartisipasi di Ajang Festival ""This is Indonesia"" New York ",,03/11/2024,Edukasi,Edukasi,https://edukasi.kompas.com/?source=navbar
"H-1 Ditutup, Simak Cara Daftar PPPK Kemenag 2024",,03/11/2024,Edukasi,Edukasi,https://edukasi.kompas.com/?source=navbar
"Materi Pendidikan Profesi Guru Ditambah, Mendikdasmen Ingin Tingkatkan Kualitas Guru",,03/11/2024,Edukasi,Edukasi,https://edukasi.kompas.com/?source=navbar
Ingin Kuliah S2-S3 Gratis di AS? Daftar Beasiswa Fulbright 2025,,03/11/2024,Edukasi,Edukasi,https://edukasi.kompas.com/?source=navbar
"Soal Penguatan Matematika sejak TK, Guru Besar UPI: Cinta Matematika Harus Jadi Gerakan",,03/11/2024,Edukasi,Edukasi,https://edukasi.kompas.com/?source=navbar
Kemenag Susun Peraturan Menteri Baru tentang Pendidikan Agama di Sekolah,,03/11/2024,Edukasi,Edukasi,https://edukasi.kompas.com/?source=navbar
"Uti Nilam, Lulusan Kedokteran yang Jadi Medical Illustrator Pertama di Indonesia",,03/11/2024,Edukasi,Edukasi,https://edukasi.kompas.com/?source=navbar
Mendikdasmen Bakal Beri Beasiswa buat Guru yang Belum S1 dan S4,,03/11/2024,Edukasi,Edukasi,https://edukasi.kompas.com/?source=navbar
"Soal Kasus Kekerasan Terhadap Guru, Komisi X DPR Sebut Pentingnya Peran Orangtua",,03/11/2024,Edukasi,Edukasi,https://edukasi.kompas.com/?source=navbar
"Sosok Fauzul Azhim, Pelajar Indonesia Terpilih Jadi Presiden Pemuda Asia Tenggara",,03/11/2024,Edukasi,Edukasi,https://edukasi.kompas.com/?source=navbar
"Syarat dan Cara Daftar Petugas Haji 2025, Lulusan S1 Bisa Daftar",,03/11/2024,Edukasi,Edukasi,https://edukasi.kompas.com/?source=navbar
"20 Universitas Swasta Terbaik di Surabaya Versi EduRank, Referensi Kuliah Tahun Depan",,02/11/2024,Edukasi,Edukasi,https://edukasi.kompas.com/?source=navbar
"Kronologi Sopir Truk Hantam Motor dan Mobil di Tangerang, Kabur Hindari Kejaran Warga ",,1 November 2024,Megapolitan,,https://news.kompas.com/#
"Momen Pertemuan Prabowo dan Jokowi di Solo, Ditemani Bakmi Jawa hingga Tempe Mendoan",,3 November 2024,Nasional,,https://news.kompas.com/#
"Saat Lukman Pancing Gus Hans ""Serang"" Petahana di Debat Pilkada Jatim",,3 November 2024,Surabaya,,https://news.kompas.com/#
"Jembatan Ambruk di Kepulauan Aru, 44 Orang Terluka Saat Sambut DPRD",,3 November 2024,Regional,,https://news.kompas.com/#
"PKL Bermunculan, Tepi Jalur Puncak Bogor Dipasang Pagar Besi",,3 November 2024,Bandung,,https://news.kompas.com/#
"Debat Pilkada Jatim, Luluk Nur Hamidah Soroti Korupsi di Pemprov",,3 November 2024,Surabaya,,https://news.kompas.com/#
Bahlil: Subsidi BBM dan Listrik Berpotensi Salah Sasaran hingga Rp 100 Triliun,,3 November 2024,VIDEO,,https://news.kompas.com/#
Siapa Tega Bunuh Wanita dengan Cara Tebas Kepala?,,31 Oktober 2024,NEWS,,https://news.kompas.com/#
[HOAKS] Video Mamah Dedeh Janjikan Bantuan Rp 35 Juta ,,,CEK FAKTA,,https://news.kompas.com/#
"[HOAKS] Bantuan Dana Rp 2,5 Juta untuk Pemegang KIS",,,CEK FAKTA,,https://news.kompas.com/#
Beragam Hoaks Tokoh Publik Bagikan Uang di Media Sosial...,,,CEK FAKTA,,https://news.kompas.com/#
[KLARIFIKASI] Tidak Ada Korban Tewas dalam Tabrak Lari Truk di Tangerang,,,CEK FAKTA,,https://news.kompas.com/#
"INFOGRAFIK: Foto Manipulasi Pesawat Tersangkut di Jembatan, Simak Faktanya",,,CEK FAKTA,,https://news.kompas.com/#
"INFOGRAFIK: Hoaks Kloning Sapi dan Babi di China, Simak Bantahannya",,,CEK FAKTA,,https://news.kompas.com/#
[KLARIFIKASI] Tidak Benar Kiper Bahrain Tanggapi Teriakan Suporter Indonesia,,,CEK FAKTA,,https://news.kompas.com/#
[KLARIFIKASI] Pose Tiga Jari Anies Baswedan Disebar dengan Konteks Keliru,,,CEK FAKTA,,https://news.kompas.com/#
[HOAKS] WHO Akui Mpox adalah Efek Samping Covid-19,,,CEK FAKTA,,https://news.kompas.com/#
[HOAKS] Raffi Ahmad Bagikan Rp 200 Juta Melalui Akun Instagram,,,CEK FAKTA,,https://news.kompas.com/#
"INFOGRAFIK: Video Perlihatkan Letusan Gunung, Bukan Kamp Pengungsian Rafah",,,CEK FAKTA,,https://news.kompas.com/#
[HOAKS] Imbauan Mematikan Ponsel untuk Hindari Radiasi Kosmik,,,CEK FAKTA,,https://news.kompas.com/#
[HOAKS] Surat Pemberitahuan Perubahan Biaya Transfer Bank Jatim,,,CEK FAKTA,,https://news.kompas.com/#
CEK FAKTA: Pernyataan Ahmad Luthfi soal Desa Temparak di Jawa Tengah,,,CEK FAKTA,,https://news.kompas.com/#
"[KLARIFIKASI] Video Banjir di Zaragoza Keliru Dikira Terjadi di Valencia, Spanyol",,,CEK FAKTA,,https://news.kompas.com/#
"Pilpres AS 2024: 7 Negara Bagian Jadi Penentu Hasil, Mana Saja?","
Persaingan antara Kamala Harris dan Donald Trump menjelang Pilpres AS 2024 pada 5 November semakin ketat. Ini tujuh negara penentu hasil Pilpres.
",3 November 2024,GLOBAL,,https://news.kompas.com/#
Supian Suri Bakal Bangun Balai Latihan Kerja untuk Atasi Pengangguran di Depok,,3 November 2024,Megapolitan,,https://news.kompas.com/#
Kronologi Kasus Korupsi Proyek KA yang Seret Eks Dirjen Kemenhub Jadi Tersangka,,3 November 2024,Nasional,,https://news.kompas.com/#
"Pegawai Komdigi ""Bekingi"" Judi Online: Satu Per Satu Jadi Tersangka, Budi Arie Apresiasi",,3 November 2024,VIDEO,,https://news.kompas.com/#
"Prabowo Bakal Kumpulkan Kepala Daerah hingga Dandim-Kapolres, Beri Arahan untuk Jaga Lingkungan",,3 November 2024,Nasional,,https://news.kompas.com/#
"Debat Pilkada Palangka Raya, 2 Paslon Adu Strategi Ketahanan Pangan Lokal",,3 November 2024,Regional,,https://news.kompas.com/#
Imam-Ririn Janji Lebarkan Jalan dan Tambah Transportasi untuk Atasi Kemacetan di Depok,,3 November 2024,Megapolitan,,https://news.kompas.com/#
"Debat Pilkada Jatim, Tri Rismaharini Janji Bebaskan PNBP Nelayan",,3 November 2024,Surabaya,,https://news.kompas.com/#
"Khofifah Buka Debat dengan Pamer Penghargaan, Luluk Bahas Jamban",,3 November 2024,Surabaya,,https://news.kompas.com/#
Anggota DPRD Singkawang Tersangka Pencabulan Ditangkap Polda Kalbar,,3 November 2024,Regional,,https://news.kompas.com/#
"Kunjungi Desa di Cikampek, Mendes Minta Swasta Terlibat Bangun Desa",,3 November 2024,Nasional,,https://news.kompas.com/#
"Ribuan Peternak Sapi di Boyolali Resah, UD Pramono Nyaris Tutup karena Utang Pajak Rp 670 Juta",,3 November 2024,Regional,,https://news.kompas.com/#
Prabowo dan Jokowi Makan Nasi Goreng di Solo: Gak Ada Obrolan Politik,,3 November 2024,Regional,,https://news.kompas.com/#
Kejagung Tangkap Eks Dirjen Perkeretaapian Kemenhub terkait Korupsi Proyek Jalur Kereta,,3 November 2024,Nasional,,https://news.kompas.com/#
"Kabar Duka, Penyanyi Dina Mariana Meninggal Dunia",,3 November 2024,VIDEO,,https://news.kompas.com/#
Jenazah Dina Mariana Dimakamkan Besok di TPU Tanah Kusir ,,3 November 2024,Seleb,,https://news.kompas.com/#
Suasana Rumah Duka Dina Mariana ,,,Seleb,,https://news.kompas.com/#
"Sebelum Meninggal, Dina Mariana Sempat Dirawat karena Masalah di Lambung",,,Seleb,,https://news.kompas.com/#
"Kata-kata ""Magic"" Ridwan Kamil Bikin Hati Raffi Ahmad Tergerak Adopsi Lily",,,Seleb,,https://news.kompas.com/#
"Profil Dina Mariana, Penyanyi Lawas yang Meninggal Dunia di Usia 59 Tahun",,,Entertainment,,https://news.kompas.com/#
"Bercerai, Ari Lasso Masih Komunikasi Hampir Setiap Hari dengan Vita Dessy ",,,Seleb,,https://news.kompas.com/#
Penyanyi Dina Mariana Meninggal Dunia ,,,Seleb,,https://news.kompas.com/#
Raffi Ahmad Sempat Ragu Adopsi Lily Jadi Anak Ketiganya,,,Seleb,,https://news.kompas.com/#
"Sinopsis Film Raging Fire, Donnie Yen Adu Akting Laga dengan Nicholas Tse",,,Seleb,,https://news.kompas.com/#
Aksi Panggung Chris Martin ,,,,,https://news.kompas.com/#
Meriah! Konser Coldplay di Jakarta ,,,,,https://news.kompas.com/#
Alvin Jonathan Juarai X Factor Indonesia 2022,,,,,https://news.kompas.com/#
Hakim Tolak Eksepsi Adam Deni,,,,,https://news.kompas.com/#
Roby Geisha Tiga Kali Terjerat Kasus Narkoba,,,,,https://news.kompas.com/#
Ardhito Pramono Berbaju Tahanan Usai Terjerat Kasus Narkoba,,,,,https://news.kompas.com/#
Aksi The Brandals Hentak Panggung Nge-Gigs,,,,,https://news.kompas.com/#
Mengintip Persiapan Pebalet Namarina Youth Dance Jelang Pentas,,,,,https://news.kompas.com/#
"Merespons Pandemi, Namarina Youth Dance Gelar Pertunjukan Balet Virtual ",,,,,https://news.kompas.com/#
Angga Dwimas Sasongko dalam Bidikan Lensa,,,,,https://news.kompas.com/#
"Persidangan Terdakwa Anak, Terlalu Sederhanakah?",,24 Oktober 2024,Analisis,,https://news.kompas.com/#
Mekanisme Hukum Lelang Wilayah Izin Usaha Pertambangan,,,Konsultasi,,https://news.kompas.com/#
"Barang Gadai Hilang, Bagaimana Hukumnya?",,,Konsultasi,,https://news.kompas.com/#
Over Kredit Kendaraan Tanpa Persetujuan Perusahaan Pembiayaan,,,Konsultasi,,https://news.kompas.com/#
Aturan Hukum Penangguhan Penahanan,,,Konsultasi,,https://news.kompas.com/#
